State,NO2AQI,O3AQI,SO2AQI,COAQI
California,24.11023845,35.72267254,3.59827847,7.405668958
Colorado,35.95887803,34.6735819,10.60552335,7.724204545
Florida,16.38444324,36.00007717,2.876996682,5.921592838
New York,30.58033396,31.78553492,14.0615904,5.657804387