Year,Value
2000,1.002819545
2001,0.929251936
2002,0.881101537
2003,0.85087502
2004,0.764394625
2005,0.715436683
2006,0.726352165
2007,0.617225537
2008,0.549429924
2009,0.528302645
2010,0.523218562
2011,0.494207315
2012,0.469516099
2013,0.442186816
2014,0.438027495
2015,0.446228375
2016,0.459124858
