Year,Value
2000,32.84498614
2001,33.07264924
2002,31.01417545
2003,29.94735989
2004,28.49442578
2005,29.00043874
2006,28.55990837
2007,26.42259183
2008,24.87438623
2009,23.04097528
2010,23.3388026
2011,22.70943922
2012,21.85458715
2013,21.34076507
2014,20.90633944
2015,19.8251182
2016,21.61381889
