Year,Value
2000,0.039142941
2001,0.040566485
2002,0.041767399
2003,0.039844371
2004,0.038773465
2005,0.04038455
2006,0.039971261
2007,0.040197291
2008,0.039431288
2009,0.037463614
2010,0.039278971
2011,0.038886064
2012,0.039561986
2013,0.038236966
2014,0.037939729
2015,0.037971751
2016,0.036095025
