Year,Value
2000,8.706904829
2001,7.863072951
2002,6.724265036
2003,6.955951527
2004,6.879983935
2005,6.901690422
2006,6.122259245
2007,5.578361559
2008,4.527776895
2009,3.468726662
2010,2.846676605
2011,2.846446367
2012,2.311121164
2013,2.095780823
2014,2.142842487
2015,1.844435806
2016,1.663310844
